toolId;CPPCHECK;FHCPP
AATI;1;-
ABTF;1;-
ABTP;1;-
AF;1;-
AIA;1;-
AID;1;-
AIE;1;-
AIOOB;1;-
AIOOBC;1;-
AITA;1;-
AITC;1;-
AM;1;-
AOOVP;1;-
AOSBLU;1;-
AS;1;-
AV;1;-
AVAGP;1;-
AWSE;1;-
BAOOB;1;-
BBC;1;-
BFE;1;-
BNZT;1;-
BOB;1;-
CAF;1;-
CAI;1;-
CATIAR;1;-
CBEWI;1;-
CBO;1;-
CCAEO;1;-
CCALC;1;-
CCITCAB;1;-
CCM;1;-
CCOND;1;-
CCPC;1;-
CE;1;-
CEBV;2;1
CFIATOF;1;-
CIODC1;1;-
CIODC2;1;-
CITAAR;1;-
CLWCPC;1;-
CNC;1;-
COBWBE;1;-
COBWIC;1;-
COFRBE;1;-
COOB;1;-
COTFRBE;1;-
CS;1;-
CSC;1;-
CSR;1;-
CSTAT;1;-
DAE;1;-
DAR;1;-
DBRANCH;1;-
DBREAK;1;-
DD;1;-
DET;1;-
DEXPR;1;-
DF;1;-
DII;1;-
DIM;1;-
DL;1;-
DP;1;-
DSO;1;-
DU;1;-
DUOS;1;-
DVT;1;-
ED;1;-
EDT;1;-
ERC;1;-
ETID;1;-
FAND;1;-
FAOD;1;-
FC;1;-
FCO;1;-
FOIS;1;-
FS;1;-
HP;-;1
IAF;1;-
IB;1;-
ICAEE;1;-
ICBE;1;-
ICLA;1;-
IF;1;-
IFA;1;-
IFAB;1;-
IFAS;1;-
IIC;1;-
IIT;1;-
IIT2;1;-
IL;2;1
ILME;1;-
ILO;1;-
ILT;1;-
IO;1;-
IOWP;1;-
IP;1;-
IPATF;1;-
IPATN;1;-
IPATP;1;-
IPATS;1;-
IPATSI;1;-
IPATUI;1;-
IPC;1;-
IRV;1;-
IS;1;-
ISATF;1;-
ISATI;1;-
ISATS;1;-
ISBE;1;-
ISC;1;-
ISFW;1;-
ITFO;1;-
LNVFC;1;-
LRVNU;1;-
MAD;1;-
MATF;1;-
MBA;1;-
MC;1;-
MCE;1;-
MCF;1;-
MCOND;1;-
MCR;1;-
MF;1;-
MI;1;-
ML;1;-
MMC;1;-
MO;1;-
MOCE;1;-
MOCW;1;-
MOR;1;-
MRFAO;1;-
MS;1;-
MSI;1;-
MSO;1;-
MVDUD;-;1
MVDUN;-;1
MVOOR;1;-
MZB;1;-
NAO;1;-
NAS;1;-
NC;1;-
NCC;1;-
ND;1;-
NDEO;-;1
NEC;1;-
NI;1;-
NIAE;1;-
NMAS;1;-
NP;1;-
NPDWDA;1;-
NPIFCT;-;1
OE;1;-
OERRT;1;-
OETS;2;1
OEVE;1;-
OIC;1;-
OOB;1;-
OPE;1;-
OS;1;-
PAB;1;-
PAE;1;-
PANC;1;-
PAWN;1;-
PBAOOB;1;-
PBV;1;-
PC;1;-
PED;1;-
PLTZ;1;-
PO;1;-
POOB;1;-
PP;1;-
PS;1;-
PVC;1;-
RA;1;-
RAID;1;-
RAIS;1;-
RAOAV;1;-
RAOFP;1;-
RBOIS;1;-
RCIS;1;-
RCLC;1;-
RCOND;1;-
RCPY;1;-
RDL;1;-
REC;1;-
RF;1;-
RIR;1;-
RL;1;-
RLV;1;-
RNBIBF;1;-
RNPC;1;-
RPO;1;-
RTF;1;-
RWOF;1;-
SA;2;1
SAAC;1;-
SBN;1;-
SC;1;-
SCAI;1;-
SCP;1;-
SCR;1;-
SCT;1;-
SDANSIH;-;1
SEC;1;-
SENIP;-;1
SF;1;-
SI;1;-
SIE;1;-
SIWDC1;1;-
SIWDC2;1;-
SLW;1;-
SN;1;-
SOAF;1;-
SOC;1;-
SOD;1;-
SODMF;1;-
SODVP;1;-
SOFC;1;-
SOSO;1;-
SOV;1;-
SOWNP;1;-
SOWSAP;1;-
SPC;1;-
SS;1;-
SSC;1;-
STLB;1;-
STLC;1;-
STLIF;1;-
STLISF;1;-
STLMC;1;-
STLOOB;1;-
STLS;1;-
STMB;1;-
STMBS;1;-
STRCMP;1;-
STRCU;1;-
SUSPC;1;-
SV;1;-
TINF;1;-
TLCA;1;-
TLCR;1;-
TMC;1;-
TS;1;-
TSTRC;1;-
UA;1;-
UAA;1;-
UAPA;1;-
UAPARG;1;-
UAPC;1;-
UAPCPY;1;-
UAPM;1;-
UAV;1;-
UCC;1;-
UCCDBZ;1;-
UCCL;1;-
UCE;1;-
UCF;1;-
UCR;1;-
UCS;1;-
UCSS;1;-
UDINIH;-;1
UEO;1;-
UES;1;-
UID;1;-
UIL;1;-
UISM;1;-
UIV;1;-
UL;1;-
ULTZ;2;1
UMV;1;-
UP;1;-
UPF;1;-
UPMC;1;-
URC;1;-
URV;1;-
USA;1;-
USL;1;-
UUAM;1;-
UUF;1;-
UUSM;1;-
UUSO;1;-
UUV;1;-
VAEM;1;-
VALUBS;1;-
VASRP;1;-
VASSC;1;-
VASWP;1;-
VCIC;1;-
VCWSL;1;-
VD;1;-
VFNUB;1;-
VS;1;-
WMC;1;-
WPPS;1;-
WPSAN;1;-
WPSPPE;1;-
WROF;1;-
ZD;1;-
ZDC;1;-
